{"vertices":[0,-0.737289,-0.489157,-0.423622,-0.737289,0.244579,-0,-4.65753,0,0.423623,-0.737289,0.244579],"faces":[32,1,2,3,0,0,0,32,0,2,1,1,1,1,32,3,2,0,2,2,2,32,0,1,3,3,3,3],"uvs":[],"metadata":{"version":3,"vertices":4,"normals":4,"generator":"io_three","faces":4,"uvs":0,"type":"Geometry"},"normals":[0,-0.062267,0.99806,-0.864345,-0.062267,-0.49903,0.864345,-0.062268,-0.49903,0,1,0]}